<?xml version="1.0" encoding="utf-8"?>
<odoo>
    <data noupdate="1">
        <record id="bulk_scrap_sequence" model="ir.sequence">
            <field name="name">Sequence For Scrap</field>
            <field name="code">scrap.products.by.quantity</field>
            <field name="active">TRUE</field>
            <field name="prefix">BULK/SC/</field>
            <field name="padding">5</field>
            <field name="number_increment">1</field>
            <field name="number_next">1</field>
            <field name="implementation">standard</field>
        </record>
    </data>
</odoo>
